Workbook

Sheet Overview
A1: Beginner Project: Sourcing & Procurement Cycle
A2: A small, end-to-end example using synthetic data (15 suppliers, 15 requisitions, 1 RFQ, 12 purchase orders).
A4: Step | B4: What happens in real life | C4: Sheet | D4: Excel skill used
A5: 1. Find & qualify suppliers | B5: Rate suppliers on quality, delivery and price; approve only good ones | C5: Suppliers | D5: Weighted score, IF, conditional formatting
A6: 2. Receive & check requisitions | B6: Employees request items. Check the spec is complete; decide whether to raise a PO or run an RFQ | C6: Requisitions | D6: IF, threshold rule, drop-downs
A7: 3. Source: request & compare quotes | B7: Ask several suppliers to quote, exclude non-compliant bids, score the rest and pick the best value | C7: Quote_Comparison | D7: INDEX/MATCH, MIN, RANK
A8: 4. Order & track delivery | B8: Raise POs, track promised vs actual delivery, flag late or overdue orders | C8: Purchase_Orders | D8: Date maths, IF, lookups
A9: 5. Analyse results | B9: Measure spend, savings and supplier on-time performance | C9: Summary | D9: SUMIFS, COUNTIFS, charts
A11: Key ideas
A12: - Sourcing = finding and choosing suppliers. Procurement = the full buying cycle: need > supplier > quote > PO > delivery > payment.
A13: - The cheapest quote is not always the best: quality, delivery time, warranty and supplier track record matter too.
A14: - A requisition with a missing spec must go back to the requester before any buying starts.
A15: - Spend and on-time delivery are tracked so weak suppliers can be improved or replaced.
A16: - Blue text = inputs you can change; black = formulas; green = formulas pulling from other sheets. Yellow cells = key settings.

Sheet Suppliers
A1: Step 1 - Supplier evaluation (find & qualify suppliers)
A2: Each supplier is rated 1-10 on quality, delivery and price. Score = weighted average x 10 (so it is out of 100). 80+ = Preferred, 65-79 = Approved, below 65 = Not approved. | F2: Score weights (edit me)
F3: Quality | G3: 0.4
F4: Delivery | G4: 0.3
F5: Price | G5: 0.3
F6: Total | G6: =SUM(G3:G5) -> 1
A8: Vendor ID | B8: Supplier Name | C8: Category | D8: City | E8: Payment Days | F8: Quality (1-10) | G8: Delivery (1-10) | H8: Price (1-10) | I8: Weighted Score | J8: Rating
A9: 101 | B9: Deskcraft Interiors | C9: Office Furniture | D9: Pune | E9: 45 | F9: 8 | G9: 7 | H9: 6 | I9: =(F9*$G$3+G9*$G$4+H9*$G$5)*10 -> 71 | J9: =IF(I9>=80,"Preferred",IF(I9>=65,"Approved","Not approved")) -> Approved
A10: 102 | B10: Ergoform Furniture Co. | C10: Office Furniture | D10: Mumbai | E10: 30 | F10: 9 | G10: 8 | H10: 7 | I10: =(F10*$G$3+G10*$G$4+H10*$G$5)*10 -> 81 | J10: =IF(I10>=80,"Preferred",IF(I10>=65,"Approved","Not approved")) -> Preferred
A11: 103 | B11: Sitwell Seating | C11: Office Furniture | D11: Thane | E11: 60 | F11: 7 | G11: 9 | H11: 6 | I11: =(F11*$G$3+G11*$G$4+H11*$G$5)*10 -> 73 | J11: =IF(I11>=80,"Preferred",IF(I11>=65,"Approved","Not approved")) -> Approved
A12: 104 | B12: Woodline Workspaces | C12: Office Furniture | D12: Nashik | E12: 30 | F12: 6 | G12: 6 | H12: 8 | I12: =(F12*$G$3+G12*$G$4+H12*$G$5)*10 -> 66 | J12: =IF(I12>=80,"Preferred",IF(I12>=65,"Approved","Not approved")) -> Approved
A13: 105 | B13: Comfort Office Systems | C13: Office Furniture | D13: Pune | E13: 30 | F13: 5 | G13: 5 | H13: 9 | I13: =(F13*$G$3+G13*$G$4+H13*$G$5)*10 -> 62 | J13: =IF(I13>=80,"Preferred",IF(I13>=65,"Approved","Not approved")) -> Not approved
A14: 201 | B14: Nexora Systems | C14: IT Hardware | D14: Mumbai | E14: 45 | F14: 9 | G14: 9 | H14: 6 | I14: =(F14*$G$3+G14*$G$4+H14*$G$5)*10 -> 81 | J14: =IF(I14>=80,"Preferred",IF(I14>=65,"Approved","Not approved")) -> Preferred
A15: 202 | B15: Bytewave Technologies | C15: IT Hardware | D15: Bengaluru | E15: 30 | F15: 8 | G15: 7 | H15: 7 | I15: =(F15*$G$3+G15*$G$4+H15*$G$5)*10 -> 74 | J15: =IF(I15>=80,"Preferred",IF(I15>=65,"Approved","Not approved")) -> Approved
A16: 203 | B16: Corelink Infotech | C16: IT Hardware | D16: Pune | E16: 45 | F16: 7 | G16: 8 | H16: 7 | I16: =(F16*$G$3+G16*$G$4+H16*$G$5)*10 -> 73 | J16: =IF(I16>=80,"Preferred",IF(I16>=65,"Approved","Not approved")) -> Approved
A17: 204 | B17: Pixelgrid Electronics | C17: IT Hardware | D17: Delhi | E17: 30 | F17: 6 | G17: 5 | H17: 9 | I17: =(F17*$G$3+G17*$G$4+H17*$G$5)*10 -> 66 | J17: =IF(I17>=80,"Preferred",IF(I17>=65,"Approved","Not approved")) -> Approved
A18: 205 | B18: Silicon Harbor Computers | C18: IT Hardware | D18: Chennai | E18: 60 | F18: 5 | G18: 6 | H18: 8 | I18: =(F18*$G$3+G18*$G$4+H18*$G$5)*10 -> 62 | J18: =IF(I18>=80,"Preferred",IF(I18>=65,"Approved","Not approved")) -> Not approved
A19: 301 | B19: Paperlane Stationers | C19: Stationery & Supplies | D19: Mumbai | E19: 30 | F19: 9 | G19: 9 | H19: 7 | I19: =(F19*$G$3+G19*$G$4+H19*$G$5)*10 -> 84 | J19: =IF(I19>=80,"Preferred",IF(I19>=65,"Approved","Not approved")) -> Preferred
A20: 302 | B20: Officemart India | C20: Stationery & Supplies | D20: Pune | E20: 45 | F20: 8 | G20: 7 | H20: 8 | I20: =(F20*$G$3+G20*$G$4+H20*$G$5)*10 -> 77 | J20: =IF(I20>=80,"Preferred",IF(I20>=65,"Approved","Not approved")) -> Approved
... A23: 305 | B23: Clipart Office Needs | C23: Stationery & Supplies | D23: Nashik | E23: 15 | F23: 4 | G23: 5 | H23: 8 | I23: =(F23*$G$3+G23*$G$4+H23*$G$5)*10 -> 55 | J23: =IF(I23>=80,"Preferred",IF(I23>=65,"Approved","Not approved")) -> Not approved

Sheet Requisitions
A1: Step 2 - Purchase requisitions (identify the need & check the request)
A2: Quote threshold (INR) | B2: 100000 | D2: Rule: if the spec is missing, send the PR back to the requester. Otherwise, if the value is at or above the threshold, get 3 quotes (RFQ); below it, raise a PO directly.
A5: PR No | B5: PR Date | C5: Department | D5: Item | E5: Qty | F5: Est. Unit Price (INR) | G5: Est. Value (INR) | H5: Spec Complete? (Y/N) | I5: Next Action
A6: 1001 | B6: 46266 | C6: Finance | D6: Printer toner cartridges | E6: 10 | F6: 4200 | G6: =E6*F6 -> 42000 | H6: Y | I6: =IF(H6="N","Send back - spec missing",IF(G6>=$B$2,"Needs RFQ (3 quotes)","Raise PO directly")) -> Raise PO directly
A7: 1002 | B7: 46268 | C7: IT | D7: Laptop docking stations | E7: 15 | F7: 7800 | G7: =E7*F7 -> 117000 | H7: Y | I7: =IF(H7="N","Send back - spec missing",IF(G7>=$B$2,"Needs RFQ (3 quotes)","Raise PO directly")) -> Needs RFQ (3 quotes)
A8: 1003 | B8: 46270 | C8: Admin | D8: Executive desks | E8: 10 | F8: 14500 | G8: =E8*F8 -> 145000 | H8: Y | I8: =IF(H8="N","Send back - spec missing",IF(G8>=$B$2,"Needs RFQ (3 quotes)","Raise PO directly")) -> Needs RFQ (3 quotes)
A9: 1004 | B9: 46272 | C9: HR | D9: Ergonomic chairs - 100 units | E9: 100 | F9: 9000 | G9: =E9*F9 -> 900000 | H9: Y | I9: =IF(H9="N","Send back - spec missing",IF(G9>=$B$2,"Needs RFQ (3 quotes)","Raise PO directly")) -> Needs RFQ (3 quotes)
A10: 1005 | B10: 46274 | C10: IT | D10: 24-inch monitors | E10: 12 | F10: 12500 | G10: =E10*F10 -> 150000 | H10: Y | I10: =IF(H10="N","Send back - spec missing",IF(G10>=$B$2,"Needs RFQ (3 quotes)","Raise PO directly")) -> Needs RFQ (3 quotes)
A11: 1006 | B11: 46276 | C11: Admin | D11: A4 paper cartons | E11: 40 | F11: 1350 | G11: =E11*F11 -> 54000 | H11: Y | I11: =IF(H11="N","Send back - spec missing",IF(G11>=$B$2,"Needs RFQ (3 quotes)","Raise PO directly")) -> Raise PO directly
A12: 1007 | B12: 46278 | C12: Marketing | D12: Roll-up banners | E12: 8 | F12: 2500 | G12: =E12*F12 -> 20000 | H12: N | I12: =IF(H12="N","Send back - spec missing",IF(G12>=$B$2,"Needs RFQ (3 quotes)","Raise PO directly")) -> Send back - spec missing
A13: 1008 | B13: 46280 | C13: IT | D13: Network switches | E13: 2 | F13: 38000 | G13: =E13*F13 -> 76000 | H13: Y | I13: =IF(H13="N","Send back - spec missing",IF(G13>=$B$2,"Needs RFQ (3 quotes)","Raise PO directly")) -> Raise PO directly
A14: 1009 | B14: 46282 | C14: Admin | D14: Whiteboards | E14: 6 | F14: 3100 | G14: =E14*F14 -> 18600 | H14: Y | I14: =IF(H14="N","Send back - spec missing",IF(G14>=$B$2,"Needs RFQ (3 quotes)","Raise PO directly")) -> Raise PO directly
A15: 1010 | B15: 46284 | C15: Operations | D15: Visitor chairs | E15: 30 | F15: 5200 | G15: =E15*F15 -> 156000 | H15: Y | I15: =IF(H15="N","Send back - spec missing",IF(G15>=$B$2,"Needs RFQ (3 quotes)","Raise PO directly")) -> Needs RFQ (3 quotes)
A16: 1011 | B16: 46286 | C16: IT | D16: Servers (rack) - new data room | E16: 4 | F16: 185000 | G16: =E16*F16 -> 740000 | H16: N | I16: =IF(H16="N","Send back - spec missing",IF(G16>=$B$2,"Needs RFQ (3 quotes)","Raise PO directly")) -> Send back - spec missing
A17: 1012 | B17: 46288 | C17: IT | D17: Wireless keyboard & mouse | E17: 40 | F17: 1800 | G17: =E17*F17 -> 72000 | H17: Y | I17: =IF(H17="N","Send back - spec missing",IF(G17>=$B$2,"Needs RFQ (3 quotes)","Raise PO directly")) -> Raise PO directly
... A20: 1015 | B20: 46294 | C20: Finance | D20: Laptops for new joiners | E20: 12 | F20: 62000 | G20: =E20*F20 -> 744000 | H20: Y | I20: =IF(H20="N","Send back - spec missing",IF(G20>=$B$2,"Needs RFQ (3 quotes)","Raise PO directly")) -> Needs RFQ (3 quotes)

Sheet Quote_Comparison
A1: Step 3 - Sourcing: compare supplier quotes (PR 1004 - Ergonomic chairs)
A3: Item | B3: Ergonomic office chairs | D3: Evaluation weights | G3: How it works: suppliers that do not meet the spec are excluded. Price and delivery scores = best (lowest) value / this supplier's value x 100. Overall = weighted mix of price, delivery and the supplier's own score from the Suppliers sheet. Highest overall score wins - not just the cheapest price!
A4: Quantity | B4: 100 | D4: Price | E4: 0.5
A5: Budget unit price (INR) | B5: 9000 | D5: Delivery | E5: 0.2
D6: Supplier score | E6: 0.3
A8: Vendor ID | B8: Supplier | C8: Quoted Unit Price (INR) | D8: Delivery (days) | E8: Warranty (yrs) | F8: Payment Days | G8: Meets Spec? (Y/N) | H8: Price (if compliant) | I8: Delivery (if compliant) | J8: Price Score | K8: Delivery Score | L8: Supplier Score | M8: Overall Score | N8: Rank
A9: 101 | B9: =INDEX(Suppliers!$B$9:$B$23,MATCH(A9,Suppliers!$A$9:$A$23,0)) -> Deskcraft Interiors | C9: 8200 | D9: 21 | E9: 3 | F9: =INDEX(Suppliers!$E$9:$E$23,MATCH(A9,Suppliers!$A$9:$A$23,0)) -> 45 | G9: Y | H9: =IF(G9="Y",C9,"") -> 8200 | I9: =IF(G9="Y",D9,"") -> 21 | J9: =IF(G9="Y",MIN($H$9:$H$13)/C9*100,0) -> 96.341463 | K9: =IF(G9="Y",MIN($I$9:$I$13)/D9*100,0) -> 66.666667 | L9: =INDEX(Suppliers!$I$9:$I$23,MATCH(A9,Suppliers!$A$9:$A$23,0)) -> 71 | M9: =$E$4*J9+$E$5*K9+$E$6*L9 -> 82.804065 | N9: =RANK(M9,$M$9:$M$13) -> 3
A10: 102 | B10: =INDEX(Suppliers!$B$9:$B$23,MATCH(A10,Suppliers!$A$9:$A$23,0)) -> Ergoform Furniture Co. | C10: 7900 | D10: 28 | E10: 2 | F10: =INDEX(Suppliers!$E$9:$E$23,MATCH(A10,Suppliers!$A$9:$A$23,0)) -> 30 | G10: Y | H10: =IF(G10="Y",C10,"") -> 7900 | I10: =IF(G10="Y",D10,"") -> 28 | J10: =IF(G10="Y",MIN($H$9:$H$13)/C10*100,0) -> 100 | K10: =IF(G10="Y",MIN($I$9:$I$13)/D10*100,0) -> 50 | L10: =INDEX(Suppliers!$I$9:$I$23,MATCH(A10,Suppliers!$A$9:$A$23,0)) -> 81 | M10: =$E$4*J10+$E$5*K10+$E$6*L10 -> 84.3 | N10: =RANK(M10,$M$9:$M$13) -> 2
A11: 103 | B11: =INDEX(Suppliers!$B$9:$B$23,MATCH(A11,Suppliers!$A$9:$A$23,0)) -> Sitwell Seating | C11: 8800 | D11: 14 | E11: 3 | F11: =INDEX(Suppliers!$E$9:$E$23,MATCH(A11,Suppliers!$A$9:$A$23,0)) -> 60 | G11: Y | H11: =IF(G11="Y",C11,"") -> 8800 | I11: =IF(G11="Y",D11,"") -> 14 | J11: =IF(G11="Y",MIN($H$9:$H$13)/C11*100,0) -> 89.772727 | K11: =IF(G11="Y",MIN($I$9:$I$13)/D11*100,0) -> 100 | L11: =INDEX(Suppliers!$I$9:$I$23,MATCH(A11,Suppliers!$A$9:$A$23,0)) -> 73 | M11: =$E$4*J11+$E$5*K11+$E$6*L11 -> 86.786364 | N11: =RANK(M11,$M$9:$M$13) -> 1
A12: 104 | B12: =INDEX(Suppliers!$B$9:$B$23,MATCH(A12,Suppliers!$A$9:$A$23,0)) -> Woodline Workspaces | C12: 8400 | D12: 18 | E12: 2 | F12: =INDEX(Suppliers!$E$9:$E$23,MATCH(A12,Suppliers!$A$9:$A$23,0)) -> 30 | G12: Y | H12: =IF(G12="Y",C12,"") -> 8400 | I12: =IF(G12="Y",D12,"") -> 18 | J12: =IF(G12="Y",MIN($H$9:$H$13)/C12*100,0) -> 94.047619 | K12: =IF(G12="Y",MIN($I$9:$I$13)/D12*100,0) -> 77.777778 | L12: =INDEX(Suppliers!$I$9:$I$23,MATCH(A12,Suppliers!$A$9:$A$23,0)) -> 66 | M12: =$E$4*J12+$E$5*K12+$E$6*L12 -> 82.379365 | N12: =RANK(M12,$M$9:$M$13) -> 4
A13: 105 | B13: =INDEX(Suppliers!$B$9:$B$23,MATCH(A13,Suppliers!$A$9:$A$23,0)) -> Comfort Office Systems | C13: 7650 | D13: 35 | E13: 1 | F13: =INDEX(Suppliers!$E$9:$E$23,MATCH(A13,Suppliers!$A$9:$A$23,0)) -> 30 | G13: N | H13: =IF(G13="Y",C13,"") | I13: =IF(G13="Y",D13,"") | J13: =IF(G13="Y",MIN($H$9:$H$13)/C13*100,0) -> 0 | K13: =IF(G13="Y",MIN($I$9:$I$13)/D13*100,0) -> 0 | L13: =INDEX(Suppliers!$I$9:$I$23,MATCH(A13,Suppliers!$A$9:$A$23,0)) -> 62 | M13: =$E$4*J13+$E$5*K13+$E$6*L13 -> 18.6 | N13: =RANK(M13,$M$9:$M$13) -> 5
A15: Result
A16: Recommended supplier | B16: =INDEX(B9:B13,MATCH(1,N9:N13,0)) -> Sitwell Seating | D16: Lesson: the cheapest bid was excluded because it did not meet the spec. The winner is the best overall value, not the lowest price.
A17: Winning quoted price (INR) | B17: =INDEX(C9:C13,MATCH(1,N9:N13,0)) -> 8800
A18: Lowest compliant price (INR) | B18: =MIN(H9:H13) -> 7900
A19: Cheapest overall bid (INR, incl. non-compliant) | B19: =MIN(C9:C13) -> 7650
A20: Budget value (INR) | B20: =B4*B5 -> 900000
A21: Order value at winning price (INR) | B21: =B4*B17 -> 880000
A22: Saving vs budget (INR) | B22: =B20-B21 -> 20000
A23: Saving vs budget % | B23: =B22/B20 -> 0.022222222

Sheet Purchase_Orders
A1: Step 4 - Purchase orders & delivery tracking
A2: Today's date | B2: 46298 | D2: Leave 'Actual Delivery' blank if goods have not arrived. Status = Open (not yet due), Overdue (past promised date, not received), On time or Late.
A5: PO No | B5: Vendor ID | C5: Supplier | D5: Category | E5: Item | F5: Qty | G5: Unit Price (INR) | H5: PO Value (INR) | I5: PO Date | J5: Promised Delivery | K5: Actual Delivery | L5: Delay (days) | M5: Status
A6: 4500001 | B6: 101 | C6: =INDEX(Suppliers!$B$9:$B$23,MATCH(B6,Suppliers!$A$9:$A$23,0)) -> Deskcraft Interiors | D6: =INDEX(Suppliers!$C$9:$C$23,MATCH(B6,Suppliers!$A$9:$A$23,0)) -> Office Furniture | E6: Executive desks | F6: 10 | G6: 14500 | H6: =F6*G6 -> 145000 | I6: 46211 | J6: 46225 | K6: 46224 | L6: =IF(K6="","",MAX(0,K6-J6)) -> 0 | M6: =IF(K6="",IF(J6<$B$2,"Overdue","Open"),IF(K6<=J6,"On time","Late")) -> On time
A7: 4500002 | B7: 102 | C7: =INDEX(Suppliers!$B$9:$B$23,MATCH(B7,Suppliers!$A$9:$A$23,0)) -> Ergoform Furniture Co. | D7: =INDEX(Suppliers!$C$9:$C$23,MATCH(B7,Suppliers!$A$9:$A$23,0)) -> Office Furniture | E7: Ergonomic chairs | F7: 20 | G7: 8300 | H7: =F7*G7 -> 166000 | I7: 46213 | J7: 46227 | K7: 46230 | L7: =IF(K7="","",MAX(0,K7-J7)) -> 3 | M7: =IF(K7="",IF(J7<$B$2,"Overdue","Open"),IF(K7<=J7,"On time","Late")) -> Late
A8: 4500003 | B8: 201 | C8: =INDEX(Suppliers!$B$9:$B$23,MATCH(B8,Suppliers!$A$9:$A$23,0)) -> Nexora Systems | D8: =INDEX(Suppliers!$C$9:$C$23,MATCH(B8,Suppliers!$A$9:$A$23,0)) -> IT Hardware | E8: Laptop docking stations | F8: 15 | G8: 7800 | H8: =F8*G8 -> 117000 | I8: 46218 | J8: 46228 | K8: 46228 | L8: =IF(K8="","",MAX(0,K8-J8)) -> 0 | M8: =IF(K8="",IF(J8<$B$2,"Overdue","Open"),IF(K8<=J8,"On time","Late")) -> On time
A9: 4500004 | B9: 202 | C9: =INDEX(Suppliers!$B$9:$B$23,MATCH(B9,Suppliers!$A$9:$A$23,0)) -> Bytewave Technologies | D9: =INDEX(Suppliers!$C$9:$C$23,MATCH(B9,Suppliers!$A$9:$A$23,0)) -> IT Hardware | E9: 24-inch monitors | F9: 12 | G9: 12500 | H9: =F9*G9 -> 150000 | I9: 46225 | J9: 46235 | K9: 46235 | L9: =IF(K9="","",MAX(0,K9-J9)) -> 0 | M9: =IF(K9="",IF(J9<$B$2,"Overdue","Open"),IF(K9<=J9,"On time","Late")) -> On time
A10: 4500005 | B10: 301 | C10: =INDEX(Suppliers!$B$9:$B$23,MATCH(B10,Suppliers!$A$9:$A$23,0)) -> Paperlane Stationers | D10: =INDEX(Suppliers!$C$9:$C$23,MATCH(B10,Suppliers!$A$9:$A$23,0)) -> Stationery & Supplies | E10: A4 paper cartons | F10: 40 | G10: 1350 | H10: =F10*G10 -> 54000 | I10: 46237 | J10: 46242 | K10: 46242 | L10: =IF(K10="","",MAX(0,K10-J10)) -> 0 | M10: =IF(K10="",IF(J10<$B$2,"Overdue","Open"),IF(K10<=J10,"On time","Late")) -> On time
A11: 4500006 | B11: 302 | C11: =INDEX(Suppliers!$B$9:$B$23,MATCH(B11,Suppliers!$A$9:$A$23,0)) -> Officemart India | D11: =INDEX(Suppliers!$C$9:$C$23,MATCH(B11,Suppliers!$A$9:$A$23,0)) -> Stationery & Supplies | E11: Printer toner cartridges | F11: 10 | G11: 4200 | H11: =F11*G11 -> 42000 | I11: 46244 | J11: 46251 | K11: 46255 | L11: =IF(K11="","",MAX(0,K11-J11)) -> 4 | M11: =IF(K11="",IF(J11<$B$2,"Overdue","Open"),IF(K11<=J11,"On time","Late")) -> Late
A12: 4500007 | B12: 203 | C12: =INDEX(Suppliers!$B$9:$B$23,MATCH(B12,Suppliers!$A$9:$A$23,0)) -> Corelink Infotech | D12: =INDEX(Suppliers!$C$9:$C$23,MATCH(B12,Suppliers!$A$9:$A$23,0)) -> IT Hardware | E12: Network switches | F12: 2 | G12: 38000 | H12: =F12*G12 -> 76000 | I12: 46252 | J12: 46264 | K12: 46263 | L12: =IF(K12="","",MAX(0,K12-J12)) -> 0 | M12: =IF(K12="",IF(J12<$B$2,"Overdue","Open"),IF(K12<=J12,"On time","Late")) -> On time
A13: 4500008 | B13: 303 | C13: =INDEX(Suppliers!$B$9:$B$23,MATCH(B13,Suppliers!$A$9:$A$23,0)) -> Stylus Supplies | D13: =INDEX(Suppliers!$C$9:$C$23,MATCH(B13,Suppliers!$A$9:$A$23,0)) -> Stationery & Supplies | E13: Whiteboards | F13: 6 | G13: 3100 | H13: =F13*G13 -> 18600 | I13: 46259 | J13: 46266 | K13: 46266 | L13: =IF(K13="","",MAX(0,K13-J13)) -> 0 | M13: =IF(K13="",IF(J13<$B$2,"Overdue","Open"),IF(K13<=J13,"On time","Late")) -> On time
A14: 4500009 | B14: 103 | C14: =INDEX(Suppliers!$B$9:$B$23,MATCH(B14,Suppliers!$A$9:$A$23,0)) -> Sitwell Seating | D14: =INDEX(Suppliers!$C$9:$C$23,MATCH(B14,Suppliers!$A$9:$A$23,0)) -> Office Furniture | E14: Visitor chairs | F14: 30 | G14: 5200 | H14: =F14*G14 -> 156000 | I14: 46267 | J14: 46281 | K14: 46283 | L14: =IF(K14="","",MAX(0,K14-J14)) -> 2 | M14: =IF(K14="",IF(J14<$B$2,"Overdue","Open"),IF(K14<=J14,"On time","Late")) -> Late
A15: 4500010 | B15: 204 | C15: =INDEX(Suppliers!$B$9:$B$23,MATCH(B15,Suppliers!$A$9:$A$23,0)) -> Pixelgrid Electronics | D15: =INDEX(Suppliers!$C$9:$C$23,MATCH(B15,Suppliers!$A$9:$A$23,0)) -> IT Hardware | E15: Wireless keyboard & mouse | F15: 40 | G15: 1800 | H15: =F15*G15 -> 72000 | I15: 46275 | J15: 46285 | K15: 46284 | L15: =IF(K15="","",MAX(0,K15-J15)) -> 0 | M15: =IF(K15="",IF(J15<$B$2,"Overdue","Open"),IF(K15<=J15,"On time","Late")) -> On time
A16: 4500011 | B16: 304 | C16: =INDEX(Suppliers!$B$9:$B$23,MATCH(B16,Suppliers!$A$9:$A$23,0)) -> Inkwell Traders | D16: =INDEX(Suppliers!$C$9:$C$23,MATCH(B16,Suppliers!$A$9:$A$23,0)) -> Stationery & Supplies | E16: Sticky notes & pens | F16: 100 | G16: 120 | H16: =F16*G16 -> 12000 | I16: 46280 | J16: 46287 | L16: =IF(K16="","",MAX(0,K16-J16)) | M16: =IF(K16="",IF(J16<$B$2,"Overdue","Open"),IF(K16<=J16,"On time","Late")) -> Overdue
A17: 4500012 | B17: 201 | C17: =INDEX(Suppliers!$B$9:$B$23,MATCH(B17,Suppliers!$A$9:$A$23,0)) -> Nexora Systems | D17: =INDEX(Suppliers!$C$9:$C$23,MATCH(B17,Suppliers!$A$9:$A$23,0)) -> IT Hardware | E17: UPS 1 kVA | F17: 5 | G17: 11500 | H17: =F17*G17 -> 57500 | I17: 46293 | J17: 46307 | L17: =IF(K17="","",MAX(0,K17-J17)) | M17: =IF(K17="",IF(J17<$B$2,"Overdue","Open"),IF(K17<=J17,"On time","Late")) -> Open

Sheet Summary
A1: Step 5 - Results: spend & supplier performance
A3: Metric | B3: Value
A4: Suppliers evaluated | B4: =COUNTA(Suppliers!A9:A23) -> 15
A5: Preferred suppliers | B5: =COUNTIF(Suppliers!J9:J23,"Preferred") -> 3
A6: Purchase requisitions received | B6: =COUNTA(Requisitions!A6:A20) -> 15
A7: PRs sent back (spec missing) | B7: =COUNTIF(Requisitions!I6:I20,"Send back*") -> 2
A8: PRs needing an RFQ | B8: =COUNTIF(Requisitions!I6:I20,"Needs RFQ*") -> 6
A9: Purchase orders raised | B9: =COUNTA(Purchase_Orders!A6:A17) -> 12
A10: Total PO value (INR) | B10: =SUM(Purchase_Orders!H6:H17) -> 1066100
A11: On-time delivery % | B11: =COUNTIF(Purchase_Orders!M6:M17,"On time")/(COUNTIF(Purchase_Orders!M6:M17,"On time")+COUNTIF(Purchase_Orders!M6:M17,"Late")) -> 0.7
A12: Overdue POs | B12: =COUNTIF(Purchase_Orders!M6:M17,"Overdue") -> 1
A13: Saving from chair RFQ (INR) | B13: =Quote_Comparison!B22 -> 20000
A14: Saving from chair RFQ % | B14: =Quote_Comparison!B23 -> 0.022222222
A17: Spend by category
A18: Category | B18: PO Value (INR) | C18: Share %
A19: Office Furniture | B19: =SUMIFS(Purchase_Orders!$H$6:$H$17,Purchase_Orders!$D$6:$D$17,A19) -> 467000 | C19: =B19/$B$22 -> 0.43804521
A20: IT Hardware | B20: =SUMIFS(Purchase_Orders!$H$6:$H$17,Purchase_Orders!$D$6:$D$17,A20) -> 472500 | C20: =B20/$B$22 -> 0.4432042
A21: Stationery & Supplies | B21: =SUMIFS(Purchase_Orders!$H$6:$H$17,Purchase_Orders!$D$6:$D$17,A21) -> 126600 | C21: =B21/$B$22 -> 0.11875059
A22: Total | B22: =SUM(B19:B21) -> 1066100 | C22: =SUM(C19:C21) -> 1
A24: On-time delivery by supplier
A25: Supplier | B25: POs | C25: On time | D25: Late | E25: Overdue
A26: =INDEX(Suppliers!$B$9:$B$23,MATCH(101,Suppliers!$A$9:$A$23,0)) -> Deskcraft Interiors | B26: =COUNTIF(Purchase_Orders!$C$6:$C$17,A26) -> 1 | C26: =COUNTIFS(Purchase_Orders!$C$6:$C$17,A26,Purchase_Orders!$M$6:$M$17,"On time") -> 1 | D26: =COUNTIFS(Purchase_Orders!$C$6:$C$17,A26,Purchase_Orders!$M$6:$M$17,"Late") -> 0 | E26: =COUNTIFS(Purchase_Orders!$C$6:$C$17,A26,Purchase_Orders!$M$6:$M$17,"Overdue") -> 0
A27: =INDEX(Suppliers!$B$9:$B$23,MATCH(102,Suppliers!$A$9:$A$23,0)) -> Ergoform Furniture Co. | B27: =COUNTIF(Purchase_Orders!$C$6:$C$17,A27) -> 1 | C27: =COUNTIFS(Purchase_Orders!$C$6:$C$17,A27,Purchase_Orders!$M$6:$M$17,"On time") -> 0 | D27: =COUNTIFS(Purchase_Orders!$C$6:$C$17,A27,Purchase_Orders!$M$6:$M$17,"Late") -> 1 | E27: =COUNTIFS(Purchase_Orders!$C$6:$C$17,A27,Purchase_Orders!$M$6:$M$17,"Overdue") -> 0
A28: =INDEX(Suppliers!$B$9:$B$23,MATCH(103,Suppliers!$A$9:$A$23,0)) -> Sitwell Seating | B28: =COUNTIF(Purchase_Orders!$C$6:$C$17,A28) -> 1 | C28: =COUNTIFS(Purchase_Orders!$C$6:$C$17,A28,Purchase_Orders!$M$6:$M$17,"On time") -> 0 | D28: =COUNTIFS(Purchase_Orders!$C$6:$C$17,A28,Purchase_Orders!$M$6:$M$17,"Late") -> 1 | E28: =COUNTIFS(Purchase_Orders!$C$6:$C$17,A28,Purchase_Orders!$M$6:$M$17,"Overdue") -> 0
A29: =INDEX(Suppliers!$B$9:$B$23,MATCH(201,Suppliers!$A$9:$A$23,0)) -> Nexora Systems | B29: =COUNTIF(Purchase_Orders!$C$6:$C$17,A29) -> 2 | C29: =COUNTIFS(Purchase_Orders!$C$6:$C$17,A29,Purchase_Orders!$M$6:$M$17,"On time") -> 1 | D29: =COUNTIFS(Purchase_Orders!$C$6:$C$17,A29,Purchase_Orders!$M$6:$M$17,"Late") -> 0 | E29: =COUNTIFS(Purchase_Orders!$C$6:$C$17,A29,Purchase_Orders!$M$6:$M$17,"Overdue") -> 0
A30: =INDEX(Suppliers!$B$9:$B$23,MATCH(202,Suppliers!$A$9:$A$23,0)) -> Bytewave Technologies | B30: =COUNTIF(Purchase_Orders!$C$6:$C$17,A30) -> 1 | C30: =COUNTIFS(Purchase_Orders!$C$6:$C$17,A30,Purchase_Orders!$M$6:$M$17,"On time") -> 1 | D30: =COUNTIFS(Purchase_Orders!$C$6:$C$17,A30,Purchase_Orders!$M$6:$M$17,"Late") -> 0 | E30: =COUNTIFS(Purchase_Orders!$C$6:$C$17,A30,Purchase_Orders!$M$6:$M$17,"Overdue") -> 0
A31: =INDEX(Suppliers!$B$9:$B$23,MATCH(203,Suppliers!$A$9:$A$23,0)) -> Corelink Infotech | B31: =COUNTIF(Purchase_Orders!$C$6:$C$17,A31) -> 1 | C31: =COUNTIFS(Purchase_Orders!$C$6:$C$17,A31,Purchase_Orders!$M$6:$M$17,"On time") -> 1 | D31: =COUNTIFS(Purchase_Orders!$C$6:$C$17,A31,Purchase_Orders!$M$6:$M$17,"Late") -> 0 | E31: =COUNTIFS(Purchase_Orders!$C$6:$C$17,A31,Purchase_Orders!$M$6:$M$17,"Overdue") -> 0
A32: =INDEX(Suppliers!$B$9:$B$23,MATCH(204,Suppliers!$A$9:$A$23,0)) -> Pixelgrid Electronics | B32: =COUNTIF(Purchase_Orders!$C$6:$C$17,A32) -> 1 | C32: =COUNTIFS(Purchase_Orders!$C$6:$C$17,A32,Purchase_Orders!$M$6:$M$17,"On time") -> 1 | D32: =COUNTIFS(Purchase_Orders!$C$6:$C$17,A32,Purchase_Orders!$M$6:$M$17,"Late") -> 0 | E32: =COUNTIFS(Purchase_Orders!$C$6:$C$17,A32,Purchase_Orders!$M$6:$M$17,"Overdue") -> 0
A33: =INDEX(Suppliers!$B$9:$B$23,MATCH(301,Suppliers!$A$9:$A$23,0)) -> Paperlane Stationers | B33: =COUNTIF(Purchase_Orders!$C$6:$C$17,A33) -> 1 | C33: =COUNTIFS(Purchase_Orders!$C$6:$C$17,A33,Purchase_Orders!$M$6:$M$17,"On time") -> 1 | D33: =COUNTIFS(Purchase_Orders!$C$6:$C$17,A33,Purchase_Orders!$M$6:$M$17,"Late") -> 0 | E33: =COUNTIFS(Purchase_Orders!$C$6:$C$17,A33,Purchase_Orders!$M$6:$M$17,"Overdue") -> 0
A34: =INDEX(Suppliers!$B$9:$B$23,MATCH(302,Suppliers!$A$9:$A$23,0)) -> Officemart India | B34: =COUNTIF(Purchase_Orders!$C$6:$C$17,A34) -> 1 | C34: =COUNTIFS(Purchase_Orders!$C$6:$C$17,A34,Purchase_Orders!$M$6:$M$17,"On time") -> 0 | D34: =COUNTIFS(Purchase_Orders!$C$6:$C$17,A34,Purchase_Orders!$M$6:$M$17,"Late") -> 1 | E34: =COUNTIFS(Purchase_Orders!$C$6:$C$17,A34,Purchase_Orders!$M$6:$M$17,"Overdue") -> 0
A35: =INDEX(Suppliers!$B$9:$B$23,MATCH(303,Suppliers!$A$9:$A$23,0)) -> Stylus Supplies | B35: =COUNTIF(Purchase_Orders!$C$6:$C$17,A35) -> 1 | C35: =COUNTIFS(Purchase_Orders!$C$6:$C$17,A35,Purchase_Orders!$M$6:$M$17,"On time") -> 1 | D35: =COUNTIFS(Purchase_Orders!$C$6:$C$17,A35,Purchase_Orders!$M$6:$M$17,"Late") -> 0 | E35: =COUNTIFS(Purchase_Orders!$C$6:$C$17,A35,Purchase_Orders!$M$6:$M$17,"Overdue") -> 0
A36: =INDEX(Suppliers!$B$9:$B$23,MATCH(304,Suppliers!$A$9:$A$23,0)) -> Inkwell Traders | B36: =COUNTIF(Purchase_Orders!$C$6:$C$17,A36) -> 1 | C36: =COUNTIFS(Purchase_Orders!$C$6:$C$17,A36,Purchase_Orders!$M$6:$M$17,"On time") -> 0 | D36: =COUNTIFS(Purchase_Orders!$C$6:$C$17,A36,Purchase_Orders!$M$6:$M$17,"Late") -> 0 | E36: =COUNTIFS(Purchase_Orders!$C$6:$C$17,A36,Purchase_Orders!$M$6:$M$17,"Overdue") -> 1
